1,WHISKY JW RED LABEL,ML,750,43391,0
2,GASEOSA DE LIMA,ML,350,2500,0
3,LIMÓN TAHITÍ,GR,500,3500,0
4,GIN GORDON'S LONDON DRY,ML,750,59237,0
5,AGUA TONICA,ML,330,1800,0
6,BOTLL SMIRNOFF X1,ML,750,27417,0
7,BLACK & WHITE,ML,700,39043,0
8,OLD PARR,ML,750,90348
9,CERVEZA DORADA,ML,330,2900
10,HAIG CLUB,ML,750,69900
11,NARANJA,GR,500,2500
12,ALMIBAR SIMPLE,ML,500,2500
13,DON JULIO BLANCO,ML,750,128729
14,DON JULIO REPOSADO,ML,750,143391
15,ZUMO DE TORONJA,ML,1000,8000
16,TORONJA,GR,500,3000
17,ZUMO DE LIMÓN,ML,1000,12000
18,TANQUERAY TEN,ML,750,152087
19,TE TWININGS,GR,20,10000
20,TANQUERAY RANGPUR,ML,750,99913
21,TANQUERAY LONDON DRY,ML,750,86870
22,BULLEIT BOURBON,ML,750,93826
23,CERVEZA NEGRA,ML,330,3000
24,SINGLETON,ML,750,104261
25,JENGIBRE,GR,500,10000
26,MIEL DE ABEJA,GR,500,20000
27,ZACAPA AMBAR ,ML,750,72950
28,HIERBABUENA,GR,500,5000
29,BUCHANAN´S 18,ML,750,186870
30,OLD PARR 18,ML,750,189392


